[
  {
    "id": "6d5a150d-86e5-48b1-aec1-47f09ac6d339",
    "data": [
      {
        "text": "health",
        "userDefined": false
      }
    ],
    "isTemplate": false,
    "count": 0
  },
  {
    "id": "580dd041-ef18-4bbe-b749-b3dc4fa83e18",
    "data": [
      {
        "text": "is my cat ok?",
        "userDefined": false
      }
    ],
    "isTemplate": false,
    "count": 0
  },
  {
    "id": "d65fa1ca-f090-45e1-bac2-6badf869f4d7",
    "data": [
      {
        "text": "How is my cat?",
        "userDefined": false
      }
    ],
    "isTemplate": false,
    "count": 0
  }
]