[
  {
    "id": "cf2c2bfc-6c8a-48db-af22-c548e4403209",
    "data": [
      {
        "text": "health",
        "userDefined": false
      }
    ],
    "isTemplate": false,
    "count": 0
  },
  {
    "id": "119389be-281f-41c6-83e1-83c46ea0b7de",
    "data": [
      {
        "text": "is my cat healthy?",
        "userDefined": false
      }
    ],
    "isTemplate": false,
    "count": 0
  },
  {
    "id": "e9af8fd9-9ff7-4dfc-b19f-eb158e1b82cb",
    "data": [
      {
        "text": "how is my cat?",
        "userDefined": false
      }
    ],
    "isTemplate": false,
    "count": 0
  },
  {
    "id": "81f1eac2-9519-4911-a77f-6df83fdc0d89",
    "data": [
      {
        "text": "check health condition",
        "userDefined": false
      }
    ],
    "isTemplate": false,
    "count": 0
  },
  {
    "id": "fdf0ef3a-b115-42e4-bd24-639c88c9c633",
    "data": [
      {
        "text": "check health",
        "userDefined": false
      }
    ],
    "isTemplate": false,
    "count": 0
  }
]