[
  {
    "id": "8b39c4ac-7624-47bf-a42f-8212cc836b33",
    "data": [
      {
        "text": "make an appointment",
        "userDefined": false
      }
    ],
    "isTemplate": false,
    "count": 0
  },
  {
    "id": "d89fd564-3f67-460e-ae48-80df72ccc3f3",
    "data": [
      {
        "text": "My cat is sick",
        "userDefined": false
      }
    ],
    "isTemplate": false,
    "count": 0
  },
  {
    "id": "8a03f865-18b2-412a-823b-e74be0134b6b",
    "data": [
      {
        "text": "I need to make an appointment ",
        "userDefined": false
      },
      {
        "text": "at 3 PM",
        "alias": "time",
        "meta": "@sys.time",
        "userDefined": false
      },
      {
        "text": " ",
        "userDefined": false
      },
      {
        "text": "today",
        "alias": "date",
        "meta": "@sys.date",
        "userDefined": false
      }
    ],
    "isTemplate": false,
    "count": 0
  },
  {
    "id": "ddcc2e50-ce6c-4555-a6f4-8a9becf30bb9",
    "data": [
      {
        "text": "Can I schedule service for ",
        "userDefined": false
      },
      {
        "text": "4 PM",
        "alias": "time",
        "meta": "@sys.time",
        "userDefined": false
      },
      {
        "text": " ",
        "userDefined": false
      },
      {
        "text": "tomorrow",
        "alias": "date",
        "meta": "@sys.date",
        "userDefined": false
      },
      {
        "text": "?",
        "userDefined": false
      }
    ],
    "isTemplate": false,
    "count": 0
  },
  {
    "id": "ed202a98-edc3-4a92-9dee-97a60d4f45cc",
    "data": [
      {
        "text": "Can I set up an appointment for ",
        "userDefined": false
      },
      {
        "text": "noon",
        "alias": "time",
        "meta": "@sys.time",
        "userDefined": false
      },
      {
        "text": " ",
        "userDefined": false
      },
      {
        "text": "on Friday",
        "alias": "date",
        "meta": "@sys.date",
        "userDefined": false
      },
      {
        "text": "?",
        "userDefined": false
      }
    ],
    "isTemplate": false,
    "count": 0
  },
  {
    "id": "e7ce9c76-6f0b-4391-894a-3863a2a81827",
    "data": [
      {
        "text": "help me with my poor baby",
        "userDefined": false
      }
    ],
    "isTemplate": false,
    "count": 1
  },
  {
    "id": "5f440ef1-386b-4c35-9428-64efcac94daf",
    "data": [
      {
        "text": "Make an appointment ",
        "userDefined": false
      },
      {
        "text": "tomorrow",
        "alias": "date",
        "meta": "@sys.date",
        "userDefined": false
      },
      {
        "text": " ",
        "userDefined": false
      },
      {
        "text": "at 3pm",
        "alias": "time",
        "meta": "@sys.time",
        "userDefined": false
      }
    ],
    "isTemplate": false,
    "count": 0
  }
]