[
  {
    "id": "9f040da5-3a07-4338-8213-164ec03b76d4",
    "data": [
      {
        "text": "what is the current ",
        "userDefined": false
      },
      {
        "text": "settings",
        "alias": "all_setting",
        "meta": "@all_setting",
        "userDefined": false
      },
      {
        "text": "?",
        "userDefined": false
      }
    ],
    "isTemplate": false,
    "count": 0
  },
  {
    "id": "a9c8cc06-a12b-4506-b340-e0a87d8711f5",
    "data": [
      {
        "text": "What is the ",
        "userDefined": false
      },
      {
        "text": "current setting of the frequency",
        "alias": "all_setting",
        "meta": "@all_setting",
        "userDefined": true
      },
      {
        "text": "?",
        "userDefined": false
      }
    ],
    "isTemplate": false,
    "count": 0
  },
  {
    "id": "56b1c442-dac1-4e51-9235-e325f8e715c7",
    "data": [
      {
        "text": "What is the ",
        "userDefined": false
      },
      {
        "text": "frequency settings",
        "alias": "all_setting",
        "meta": "@all_setting",
        "userDefined": true
      },
      {
        "text": "?",
        "userDefined": false
      }
    ],
    "isTemplate": false,
    "count": 0
  }
]