[
  {
    "id": "416ce169-ff8e-44aa-804e-7a5c3f7a9c20",
    "data": [
      {
        "text": "food",
        "alias": "food_frequency",
        "meta": "@food_frequency",
        "userDefined": true
      }
    ],
    "isTemplate": false,
    "count": 0
  },
  {
    "id": "b2be2d2b-381e-4865-afed-2c22c2ffda63",
    "data": [
      {
        "text": "set ",
        "userDefined": false
      },
      {
        "text": "food frequency",
        "alias": "food_frequency",
        "meta": "@food_frequency",
        "userDefined": true
      },
      {
        "text": " to ",
        "userDefined": false
      },
      {
        "text": "once a day",
        "alias": "frequency_value_food",
        "meta": "@frequency_value_food",
        "userDefined": true
      }
    ],
    "isTemplate": false,
    "count": 0
  },
  {
    "id": "eeb30668-6c8b-45c9-9f69-aa4f99965000",
    "data": [
      {
        "text": "set the ",
        "userDefined": false
      },
      {
        "text": "food frequency",
        "alias": "food_frequency",
        "meta": "@food_frequency",
        "userDefined": false
      },
      {
        "text": " to ",
        "userDefined": false
      },
      {
        "text": "five times a week",
        "alias": "frequency_value_food",
        "meta": "@frequency_value_food",
        "userDefined": true
      }
    ],
    "isTemplate": false,
    "count": 0
  },
  {
    "id": "4c5c44e3-dc23-4be3-ba16-1931fc1c665b",
    "data": [
      {
        "text": "set the ",
        "userDefined": false
      },
      {
        "text": "feeding frequency",
        "alias": "food_frequency",
        "meta": "@food_frequency",
        "userDefined": false
      },
      {
        "text": " to ",
        "userDefined": false
      },
      {
        "text": "three times a day",
        "alias": "frequency_value_food",
        "meta": "@frequency_value_food",
        "userDefined": true
      }
    ],
    "isTemplate": false,
    "count": 0
  },
  {
    "id": "837298ea-a8ba-4a65-9e4a-c480a25ae5a2",
    "data": [
      {
        "text": "set the ",
        "userDefined": false
      },
      {
        "text": "food feeding frequency",
        "alias": "food_frequency",
        "meta": "@food_frequency",
        "userDefined": true
      },
      {
        "text": " to ",
        "userDefined": false
      },
      {
        "text": "twice a day",
        "alias": "frequency_value_food",
        "meta": "@frequency_value_food",
        "userDefined": true
      }
    ],
    "isTemplate": false,
    "count": 0
  }
]