[
  {
    "id": "84eb5ad3-320b-41b4-88ec-b4aede2e0b1e",
    "data": [
      {
        "text": "water",
        "alias": "water_frequency",
        "meta": "@water_frequency",
        "userDefined": true
      }
    ],
    "isTemplate": false,
    "count": 0
  },
  {
    "id": "0e3233ea-eac4-49ac-b334-5984c5efa16b",
    "data": [
      {
        "text": "set the ",
        "userDefined": false
      },
      {
        "text": "water frequency",
        "alias": "water_frequency",
        "meta": "@water_frequency",
        "userDefined": false
      },
      {
        "text": " to ",
        "userDefined": false
      },
      {
        "text": "till empty",
        "alias": "frequency_value_water",
        "meta": "@frequency_value_water",
        "userDefined": true
      }
    ],
    "isTemplate": false,
    "count": 0
  },
  {
    "id": "677f758b-c508-4822-a37e-5f8503217d5e",
    "data": [
      {
        "text": "set the ",
        "userDefined": false
      },
      {
        "text": "water frequency",
        "alias": "water_frequency",
        "meta": "@water_frequency",
        "userDefined": true
      },
      {
        "text": " to ",
        "userDefined": false
      },
      {
        "text": "till half empty",
        "alias": "frequency_value_water",
        "meta": "@frequency_value_water",
        "userDefined": true
      }
    ],
    "isTemplate": false,
    "count": 0
  }
]