[
  {
    "id": "cbe331a3-867f-485b-8466-fbc15e0aaeaf",
    "data": [
      {
        "text": "cat litter",
        "alias": "scoop_frequency",
        "meta": "@scoop_frequency",
        "userDefined": true
      }
    ],
    "isTemplate": false,
    "count": 0
  },
  {
    "id": "70630a63-6e04-47e0-b308-706313d8cc25",
    "data": [
      {
        "text": "set the ",
        "userDefined": false
      },
      {
        "text": "scooping freq",
        "alias": "scoop_frequency",
        "meta": "@scoop_frequency",
        "userDefined": true
      },
      {
        "text": " to ",
        "userDefined": false
      },
      {
        "text": "twice a day",
        "alias": "frequency_value_scoop",
        "meta": "@frequency_value_scoop",
        "userDefined": true
      }
    ],
    "isTemplate": false,
    "count": 0
  },
  {
    "id": "25bc0055-353e-4250-9f82-e2a2229ec10e",
    "data": [
      {
        "text": "set the ",
        "userDefined": false
      },
      {
        "text": "scooping frequency",
        "alias": "scoop_frequency",
        "meta": "@scoop_frequency",
        "userDefined": true
      },
      {
        "text": " to ",
        "userDefined": false
      },
      {
        "text": "once a day",
        "alias": "frequency_value_scoop",
        "meta": "@frequency_value_scoop",
        "userDefined": true
      }
    ],
    "isTemplate": false,
    "count": 0
  }
]