[
  {
    "id": "90c38646-7e25-42a2-ba8c-8ea0f2e44eba",
    "data": [
      {
        "text": "turn ",
        "userDefined": false
      },
      {
        "text": "on",
        "alias": "camera_status",
        "meta": "@camera_status",
        "userDefined": true
      },
      {
        "text": " the camera",
        "userDefined": false
      }
    ],
    "isTemplate": false,
    "count": 0
  },
  {
    "id": "af79b68b-3397-4ff0-8448-7535042a64de",
    "data": [
      {
        "text": "turn ",
        "userDefined": false
      },
      {
        "text": "am",
        "alias": "camera_status",
        "meta": "@camera_status",
        "userDefined": true
      },
      {
        "text": " the web camera",
        "userDefined": false
      }
    ],
    "isTemplate": false,
    "count": 0
  }
]