[
  {
    "id": "8b6b9e26-9ade-40b5-a635-0ad1cae2b541",
    "data": [
      {
        "text": "turn ",
        "userDefined": false
      },
      {
        "text": "off",
        "alias": "system_status",
        "meta": "@system_status",
        "userDefined": true
      },
      {
        "text": " the auto system",
        "userDefined": false
      }
    ],
    "isTemplate": false,
    "count": 0
  },
  {
    "id": "6a417edf-8073-4a91-a48b-48c7a164c47a",
    "data": [
      {
        "text": "turn ",
        "userDefined": false
      },
      {
        "text": "off",
        "alias": "system_status",
        "meta": "@system_status",
        "userDefined": true
      },
      {
        "text": " the system",
        "userDefined": false
      }
    ],
    "isTemplate": false,
    "count": 0
  }
]