[
  {
    "id": "6ac17865-d9c8-4126-a0eb-a3f0dea24b6f",
    "data": [
      {
        "text": "turn ",
        "userDefined": false
      },
      {
        "text": "on",
        "alias": "system_status",
        "meta": "@system_status",
        "userDefined": true
      },
      {
        "text": " the system",
        "userDefined": false
      }
    ],
    "isTemplate": false,
    "count": 0
  },
  {
    "id": "94f70255-8164-465c-95bb-0b1e482df772",
    "data": [
      {
        "text": "turn ",
        "userDefined": false
      },
      {
        "text": "on",
        "alias": "system_status",
        "meta": "@system_status",
        "userDefined": true
      },
      {
        "text": " the auto system",
        "userDefined": false
      }
    ],
    "isTemplate": false,
    "count": 0
  }
]