[
  {
    "id": "f349e339-8b15-448f-8f31-5de112c02afc",
    "data": [
      {
        "text": "turn ",
        "userDefined": false
      },
      {
        "text": "off",
        "alias": "camera_status",
        "meta": "@camera_status",
        "userDefined": true
      },
      {
        "text": " the web camera",
        "userDefined": false
      }
    ],
    "isTemplate": false,
    "count": 0
  },
  {
    "id": "ece2b5b2-54c6-49c1-b1eb-8de54a2bc0b4",
    "data": [
      {
        "text": "turn ",
        "userDefined": false
      },
      {
        "text": "off",
        "alias": "camera_status",
        "meta": "@camera_status",
        "userDefined": true
      },
      {
        "text": " the camera",
        "userDefined": false
      }
    ],
    "isTemplate": false,
    "count": 0
  }
]